host_time,seq,device_ms,wrist_ok,w_ax,w_ay,w_az,w_gx,w_gy,w_gz,leg_ok,l_ax,l_ay,l_az,l_gx,l_gy,l_gz
1790657594.0458,19250,1696494,1,-0.095,-0.6726,-0.729,-1.28,0.73,1.4,1,0.2004,-0.5479,-1.0078,1.89,-2.07,0.37
1790657594.0753,19251,1696514,1,-0.0947,-0.6704,-0.7297,-1.52,0.73,1.52,1,0.1982,-0.554,-1.0063,1.95,-2.01,0.37
1790657594.0903,19252,1696534,1,-0.0969,-0.6699,-0.7378,-1.04,0.67,1.4,1,0.199,-0.5557,-1.0095,1.83,-1.95,0.37
1790657594.1052,19253,1696554,1,-0.0959,-0.6675,-0.7339,-1.1,0.67,1.46,1,0.2014,-0.5557,-1.0051,1.89,-1.95,0.3
1790657594.1353,19254,1696574,1,-0.0947,-0.6699,-0.74,-1.04,0.61,1.4,1,0.1982,-0.5535,-1.0117,1.83,-1.95,0.24
1790657594.1502,19255,1696594,1,-0.0972,-0.6753,-0.7366,-0.73,0.61,1.4,1,0.2019,-0.5505,-1.011,1.83,-1.77,0.18
1790657594.1653,19256,1696614,1,-0.0974,-0.6724,-0.7322,-1.1,0.61,1.4,1,0.2041,-0.5515,-1.0071,1.89,-1.89,0.3
1790657594.1953,19257,1696634,1,-0.1023,-0.6726,-0.7356,-1.34,0.61,1.4,1,0.2048,-0.5498,-1.0066,1.95,-1.95,0.3
1790657594.2253,19258,1696654,1,-0.1011,-0.6709,-0.7329,-0.91,0.67,1.34,1,0.2078,-0.552,-1.0037,1.83,-1.83,0.12
1790657594.2260,19259,1696674,1,-0.0972,-0.6707,-0.73,-0.79,0.67,1.34,1,0.2075,-0.5498,-1.0056,1.83,-1.89,0.18
1790657594.2553,19260,1696694,1,-0.0986,-0.676,-0.7314,-1.22,0.79,1.46,1,0.2065,-0.5481,-1.0098,1.89,-2.01,0.37
1790657594.2703,19261,1696714,1,-0.0969,-0.6741,-0.7332,-1.16,0.73,1.4,1,0.2029,-0.5515,-1.0071,1.77,-1.95,0.24
1790657594.2853,19262,1696734,1,-0.0974,-0.6702,-0.7305,-1.16,0.73,1.46,1,0.2021,-0.5508,-1.011,1.83,-1.95,0.37
1790657594.3154,19263,1696754,1,-0.0986,-0.6709,-0.7336,-1.4,0.73,1.46,1,0.2007,-0.5522,-1.0105,1.95,-2.07,0.55
1790657594.3305,19264,1696774,1,-0.0984,-0.6697,-0.7351,-1.1,0.67,1.4,1,0.1995,-0.5547,-1.0095,1.89,-1.89,0.3
1790657594.3457,19265,1696794,1,-0.0964,-0.6719,-0.7334,-0.79,0.73,1.46,1,0.2002,-0.5505,-1.0046,1.77,-1.77,0.24
1790657594.3758,19266,1696814,1,-0.0942,-0.6697,-0.7307,-1.22,0.67,1.52,1,0.199,-0.5503,-1.0071,1.89,-1.95,0.37
1790657594.3909,19267,1696834,1,-0.1006,-0.6687,-0.7314,-1.22,0.67,1.4,1,0.2012,-0.5535,-1.0073,1.89,-1.89,0.37
1790657594.4058,19268,1696854,1,-0.0994,-0.6682,-0.7334,-0.79,0.55,1.34,1,0.2058,-0.5537,-1.0076,1.83,-1.83,0.18
1790657594.4359,19269,1696874,1,-0.1003,-0.6716,-0.7307,-1.04,0.73,1.46,1,0.2041,-0.5522,-1.0071,1.83,-1.89,0.24
1790657594.4505,19270,1696894,1,-0.0981,-0.6741,-0.7317,-1.1,0.73,1.34,1,0.2026,-0.55,-1.011,1.89,-1.95,0.3
1790657594.4653,19271,1696914,1,-0.0967,-0.6738,-0.73,-0.98,0.67,1.34,1,0.2043,-0.5491,-1.0146,1.83,-1.89,0.18
1790657594.4953,19272,1696934,1,-0.0957,-0.6702,-0.7302,-1.16,0.67,1.4,1,0.2014,-0.5493,-1.0122,1.89,-2.07,0.43
1790657594.5102,19273,1696954,1,-0.0977,-0.6748,-0.7334,-1.34,0.73,1.4,1,0.2009,-0.552,-1.0088,2.01,-2.01,0.37
1790657594.5254,19274,1696974,1,-0.0984,-0.6719,-0.7344,-1.04,0.67,1.4,1,0.2,-0.5515,-1.0095,1.83,-1.83,0.24
1790657594.5553,19275,1696994,1,-0.0967,-0.6702,-0.7319,-0.98,0.73,1.4,1,0.2007,-0.5522,-1.0046,1.83,-1.83,0.3
1790657594.5703,19276,1697014,1,-0.0962,-0.6716,-0.7334,-1.22,0.73,1.46,1,0.2034,-0.551,-1.0051,1.89,-1.95,0.3
1790657594.6003,19277,1697034,1,-0.1003,-0.6716,-0.7344,-1.04,0.73,1.4,1,0.2046,-0.5503,-1.0093,1.89,-1.95,0.37
1790657594.6153,19278,1697054,1,-0.0994,-0.6731,-0.7302,-1.1,0.79,1.46,1,0.2041,-0.5518,-1.0107,1.89,-1.89,0.3
1790657594.6303,19279,1697074,1,-0.0981,-0.6748,-0.7341,-1.28,0.67,1.46,1,0.2034,-0.5518,-1.0059,1.89,-2.01,0.37
1790657594.6453,19280,1697094,1,-0.0974,-0.6711,-0.7317,-1.04,0.61,1.34,1,0.2046,-0.55,-1.01,1.95,-1.95,0.3
1790657594.6754,19281,1697114,1,-0.0974,-0.6724,-0.7339,-1.04,0.67,1.4,1,0.2046,-0.5498,-1.0103,1.89,-1.95,0.3
1790657594.6904,19282,1697134,1,-0.095,-0.6711,-0.7332,-1.16,0.67,1.34,1,0.2034,-0.553,-1.0071,1.89,-2.01,0.24
1790657594.7054,19283,1697154,1,-0.0967,-0.6702,-0.7341,-0.98,0.73,1.34,1,0.2021,-0.5505,-1.0098,1.89,-1.89,0.18
1790657594.7353,19284,1697174,1,-0.1001,-0.6711,-0.7324,-1.04,0.67,1.46,1,0.1992,-0.5505,-1.0076,1.83,-1.89,0.18
1790657594.7503,19285,1697194,1,-0.0959,-0.6704,-0.7341,-1.1,0.67,1.34,1,0.2007,-0.5491,-1.0066,1.83,-1.89,0.24
1790657594.7654,19286,1697214,1,-0.0984,-0.6719,-0.7278,-0.98,0.67,1.34,1,0.2024,-0.553,-1.0103,1.83,-1.89,0.24
1790657594.7954,19287,1697234,1,-0.0974,-0.6707,-0.7319,-0.98,0.67,1.4,1,0.2056,-0.5505,-1.0073,1.77,-1.89,0.24
1790657594.8103,19288,1697254,1,-0.0979,-0.6738,-0.7368,-1.28,0.73,1.4,1,0.2058,-0.5513,-1.0066,1.83,-1.95,0.43
1790657594.8254,19289,1697274,1,-0.0977,-0.6736,-0.7356,-1.16,0.73,1.4,1,0.2039,-0.5515,-1.0068,1.83,-2.01,0.3
1790657594.8554,19290,1697294,1,-0.0977,-0.6721,-0.7327,-1.1,0.67,1.4,1,0.2031,-0.553,-1.0051,1.83,-1.95,0.37
1790657594.8704,19291,1697314,1,-0.0974,-0.6716,-0.7332,-1.16,0.73,1.46,1,0.2036,-0.55,-1.0098,1.83,-2.01,0.3
1790657594.8854,19292,1697334,1,-0.0947,-0.6702,-0.7371,-1.22,0.73,1.4,1,0.1997,-0.552,-1.0046,1.83,-2.01,0.24
1790657594.9154,19293,1697354,1,-0.0942,-0.6682,-0.7388,-1.1,0.67,1.4,1,0.2014,-0.552,-1.0105,1.89,-1.89,0.24
1790657594.9303,19294,1697374,1,-0.0977,-0.6716,-0.7344,-1.04,0.67,1.34,1,0.2014,-0.5522,-1.0103,1.83,-1.89,0.3
1790657594.9453,19295,1697394,1,-0.0959,-0.6709,-0.7361,-1.04,0.67,1.34,1,0.2012,-0.5537,-1.01,1.83,-1.89,0.18
1790657594.9753,19296,1697414,1,-0.0994,-0.6711,-0.7322,-0.98,0.61,1.34,1,0.2024,-0.5518,-1.0095,1.83,-1.89,0.24
1790657594.9904,19297,1697434,1,-0.0979,-0.6733,-0.7319,-0.98,0.73,1.4,1,0.2029,-0.5527,-1.0073,1.83,-1.83,0.24
1790657595.0054,19298,1697454,1,-0.0984,-0.6719,-0.7302,-1.16,0.67,1.4,1,0.2014,-0.5513,-1.0063,1.89,-1.89,0.3
1790657595.0356,19299,1697474,1,-0.0986,-0.6714,-0.7322,-1.16,0.61,1.4,1,0.2043,-0.5488,-1.009,1.83,-1.89,0.3
1790657595.0509,19300,1697494,1,-0.0964,-0.6704,-0.7275,-1.04,0.67,1.4,1,0.2051,-0.5542,-1.0093,1.83,-1.95,0.3
1790657595.0653,19301,1697514,1,-0.0964,-0.6711,-0.7339,-1.1,0.67,1.4,1,0.2009,-0.553,-1.0076,1.95,-1.95,0.37
1790657595.0954,19302,1697534,1,-0.0952,-0.6699,-0.73,-1.22,0.67,1.4,1,0.2026,-0.5525,-1.0098,1.83,-2.01,0.37
1790657595.1103,19303,1697554,1,-0.0969,-0.6716,-0.7344,-1.1,0.67,1.4,1,0.2029,-0.551,-1.012,1.83,-1.95,0.18
1790657595.1253,19304,1697574,1,-0.0972,-0.6719,-0.731,-1.04,0.67,1.46,1,0.2039,-0.5515,-1.0093,1.89,-1.89,0.3
1790657595.1554,19305,1697594,1,-0.0991,-0.6736,-0.7351,-1.04,0.67,1.4,1,0.2034,-0.5522,-1.012,1.89,-2.01,0.37
1790657595.1704,19306,1697614,1,-0.0981,-0.6692,-0.7307,-1.04,0.67,1.4,1,0.2019,-0.5537,-1.0056,1.83,-1.83,0.3
1790657595.1854,19307,1697634,1,-0.0977,-0.6716,-0.7356,-1.04,0.67,1.4,1,0.2043,-0.5493,-1.0093,1.83,-1.95,0.24
1790657595.2154,19308,1697654,1,-0.0986,-0.6721,-0.7305,-1.22,0.73,1.46,1,0.2036,-0.5518,-1.0107,1.95,-1.95,0.37
1790657595.2304,19309,1697674,1,-0.0981,-0.6741,-0.7332,-1.04,0.61,1.46,1,0.2007,-0.5505,-1.0059,1.83,-1.95,0.24
1790657595.2454,19310,1697694,1,-0.0974,-0.6689,-0.7339,-1.04,0.67,1.4,1,0.2031,-0.5515,-1.0061,1.77,-1.89,0.24
1790657595.2754,19311,1697714,1,-0.0945,-0.6736,-0.7312,-1.04,0.73,1.34,1,0.2017,-0.553,-1.0076,1.77,-1.95,0.3
1790657595.2903,19312,1697734,1,-0.0994,-0.6716,-0.7375,-1.1,0.67,1.34,1,0.2012,-0.5498,-1.0095,1.83,-2.01,0.24
1790657595.3053,19313,1697754,1,-0.0967,-0.6709,-0.7283,-1.16,0.67,1.34,1,0.2031,-0.5508,-1.01,1.89,-1.95,0.3
1790657595.3354,19314,1697774,1,-0.0964,-0.6714,-0.7349,-1.22,0.73,1.46,1,0.2029,-0.5498,-1.0068,1.89,-2.01,0.37
1790657595.3504,19315,1697794,1,-0.0952,-0.6724,-0.7297,-1.1,0.67,1.4,1,0.2019,-0.5513,-1.0037,1.89,-1.95,0.37
1790657595.3654,19316,1697814,1,-0.0967,-0.6724,-0.7336,-0.98,0.73,1.4,1,0.2056,-0.5537,-1.0083,1.83,-1.89,0.3
1790657595.3954,19317,1697834,1,-0.0991,-0.6711,-0.7346,-1.04,0.67,1.4,1,0.2048,-0.5525,-1.0049,1.83,-1.95,0.24
1790657595.4104,19318,1697854,1,-0.1013,-0.6721,-0.7312,-1.16,0.67,1.4,1,0.2041,-0.5493,-1.0093,1.89,-1.89,0.3
1790657595.4253,19319,1697874,1,-0.0974,-0.6709,-0.7324,-1.1,0.73,1.4,1,0.2034,-0.5522,-1.0107,1.83,-1.89,0.24
1790657595.4554,19320,1697894,1,-0.0989,-0.6741,-0.7329,-1.16,0.67,1.34,1,0.2007,-0.553,-1.0115,1.89,-1.95,0.3
1790657595.4704,19321,1697914,1,-0.0984,-0.6685,-0.7329,-1.1,0.61,1.4,1,0.2004,-0.5505,-1.0088,1.89,-1.95,0.24
1790657595.4854,19322,1697934,1,-0.0964,-0.6714,-0.7297,-1.04,0.67,1.4,1,0.199,-0.55,-1.0073,1.83,-1.95,0.24
1790657595.5304,19323,1697954,1,-0.0964,-0.6721,-0.7368,-1.1,0.67,1.4,1,0.2024,-0.5503,-1.011,1.89,-1.89,0.3
1790657595.5310,19324,1697974,1,-0.0977,-0.6738,-0.7371,-1.16,0.67,1.4,1,0.2031,-0.5515,-1.009,1.83,-1.95,0.24
1790657595.5454,19325,1697994,1,-0.0969,-0.6726,-0.7307,-1.1,0.67,1.4,1,0.2068,-0.5515,-1.0071,1.83,-1.95,0.24
1790657595.5755,19326,1698014,1,-0.0979,-0.6702,-0.7354,-1.04,0.67,1.4,1,0.2053,-0.551,-1.002,1.83,-1.95,0.3
1790657595.5904,19327,1698034,1,-0.0962,-0.6719,-0.7302,-0.98,0.73,1.4,1,0.2034,-0.5488,-1.0049,1.77,-1.95,0.24
1790657595.6054,19328,1698054,1,-0.0979,-0.6729,-0.7314,-1.04,0.61,1.4,1,0.2063,-0.5513,-1.0078,1.89,-1.89,0.24
1790657595.6354,19329,1698074,1,-0.0974,-0.6738,-0.7332,-1.04,0.67,1.46,1,0.2053,-0.551,-1.0063,1.89,-1.95,0.24
1790657595.6504,19330,1698094,1,-0.0974,-0.6719,-0.7314,-1.1,0.67,1.4,1,0.2024,-0.5508,-1.01,1.83,-2.01,0.24
1790657595.6653,19331,1698114,1,-0.0972,-0.6697,-0.728,-1.16,0.73,1.4,1,0.2041,-0.5493,-1.0063,1.89,-1.95,0.3
1790657595.6955,19332,1698134,1,-0.0991,-0.6736,-0.7341,-1.1,0.73,1.4,1,0.2029,-0.5542,-1.009,1.89,-2.01,0.37
1790657595.7104,19333,1698154,1,-0.095,-0.6707,-0.7332,-1.1,0.73,1.4,1,0.1997,-0.5515,-1.0115,1.77,-1.95,0.3
1790657595.7254,19334,1698174,1,-0.0959,-0.6704,-0.7361,-1.1,0.67,1.46,1,0.1987,-0.5505,-1.0081,1.89,-1.89,0.3
1790657595.7554,19335,1698194,1,-0.0947,-0.6707,-0.7327,-1.16,0.67,1.4,1,0.2036,-0.5527,-1.0105,1.89,-1.89,0.3
1790657595.7710,19336,1698214,1,-0.0989,-0.6716,-0.7332,-1.1,0.67,1.4,1,0.2017,-0.5505,-1.0083,1.83,-1.95,0.24
1790657595.7859,19337,1698234,1,-0.1013,-0.6709,-0.7288,-1.04,0.67,1.4,1,0.2026,-0.5547,-1.0017,1.83,-1.89,0.24
1790657595.8160,19338,1698254,1,-0.0979,-0.6709,-0.7295,-1.04,0.67,1.34,1,0.2019,-0.5493,-1.0056,1.83,-1.89,0.24
1790657595.8304,19339,1698274,1,-0.0996,-0.6741,-0.7319,-1.04,0.67,1.4,1,0.2036,-0.5496,-1.0078,1.83,-1.83,0.18
1790657595.8453,19340,1698294,1,-0.0979,-0.6721,-0.7302,-1.1,0.73,1.4,1,0.2058,-0.5503,-1.0112,1.89,-1.89,0.3
1790657595.8754,19341,1698314,1,-0.0964,-0.6711,-0.7317,-1.22,0.61,1.46,1,0.2024,-0.5513,-1.0103,1.83,-1.95,0.3
1790657595.9054,19342,1698334,1,-0.0991,-0.6721,-0.7341,-1.1,0.67,1.4,1,0.2019,-0.5515,-1.0063,1.89,-1.95,0.3
1790657595.9060,19343,1698354,1,-0.0979,-0.6724,-0.7302,-1.1,0.73,1.4,1,0.196,-0.552,-1.0078,1.89,-1.95,0.3
1790657595.9354,19344,1698374,1,-0.0964,-0.6716,-0.7332,-1.16,0.67,1.46,1,0.2012,-0.5515,-1.0076,1.83,-1.95,0.3
1790657595.9504,19345,1698394,1,-0.0996,-0.6702,-0.7346,-1.04,0.67,1.4,1,0.2017,-0.5522,-1.0125,1.89,-1.89,0.3
1790657595.9654,19346,1698414,1,-0.0994,-0.6707,-0.7305,-0.98,0.67,1.46,1,0.2026,-0.5508,-1.01,1.83,-1.83,0.3
1790657595.9955,19347,1698434,1,-0.0989,-0.6726,-0.7324,-1.22,0.67,1.4,1,0.2034,-0.5525,-1.0105,1.89,-1.95,0.3
1790657596.0106,19348,1698454,1,-0.0989,-0.6736,-0.73,-1.04,0.67,1.4,1,0.2051,-0.5525,-1.0078,1.83,-1.89,0.24
1790657596.0258,19349,1698474,1,-0.1008,-0.6731,-0.7336,-0.85,0.67,1.34,1,0.2048,-0.5486,-1.0083,1.77,-1.83,0.24
1790657596.0554,19350,1698494,1,-0.0986,-0.6724,-0.7312,-1.16,0.67,1.4,1,0.2048,-0.5476,-1.0063,1.83,-1.95,0.37
1790657596.0704,19351,1698514,1,-0.0962,-0.6724,-0.728,-1.28,0.73,1.4,1,0.2034,-0.5503,-1.0078,1.83,-1.95,0.3
1790657596.0853,19352,1698534,1,-0.0959,-0.6731,-0.7285,-1.04,0.67,1.4,1,0.2031,-0.5513,-1.0129,1.83,-1.95,0.3
1790657596.1156,19353,1698554,1,-0.0989,-0.6724,-0.7351,-1.22,0.67,1.4,1,0.2014,-0.5515,-1.0103,1.89,-2.01,0.43
1790657596.1305,19354,1698574,1,-0.0957,-0.6736,-0.7344,-1.22,0.73,1.46,1,0.1997,-0.5518,-1.0105,1.83,-1.95,0.3
1790657596.1458,19355,1698594,1,-0.1001,-0.6731,-0.7378,-1.1,0.73,1.4,1,0.2014,-0.5503,-1.0071,1.89,-1.83,0.3
1790657596.1760,19356,1698614,1,-0.0969,-0.6714,-0.7415,-1.04,0.61,1.46,1,0.2,-0.5483,-1.0139,1.89,-1.89,0.3
1790657596.1910,19357,1698634,1,-0.0947,-0.6716,-0.7307,-1.22,0.61,1.46,1,0.1975,-0.551,-1.009,1.95,-1.95,0.24
1790657596.2058,19358,1698654,1,-0.0979,-0.6685,-0.7322,-1.04,0.55,1.4,1,0.1987,-0.5505,-1.0068,1.95,-1.83,0.24
1790657596.2360,19359,1698674,1,-0.0974,-0.6687,-0.7332,-1.1,0.61,1.4,1,0.1985,-0.552,-1.0103,1.89,-1.95,0.3
1790657596.2505,19360,1698694,1,-0.1011,-0.6672,-0.7334,-1.04,0.67,1.34,1,0.207,-0.552,-1.0044,1.83,-1.59,0.55
1790657596.2654,19361,1698714,1,-0.1038,-0.6682,-0.7327,-0.67,0.67,1.34,1,0.207,-0.5481,-1.0073,1.77,-1.65,0.37
1790657596.2954,19362,1698734,1,-0.0972,-0.6768,-0.7288,-0.98,0.61,1.4,1,0.2048,-0.5442,-1.0056,1.89,-1.95,0.3
1790657596.3103,19363,1698754,1,-0.0957,-0.678,-0.7295,-1.59,0.73,1.46,1,0.2046,-0.5457,-1.0112,1.95,-2.07,0.3
1790657596.3260,19364,1698774,1,-0.0984,-0.6765,-0.7339,-1.4,0.67,1.4,1,0.2063,-0.5486,-1.0103,1.95,-2.01,0.3
1790657596.3555,19365,1698794,1,-0.0974,-0.6687,-0.7329,-1.77,0.73,1.46,1,0.2043,-0.5547,-1.0105,2.01,-2.32,0.43
1790657596.3705,19366,1698814,1,-0.0994,-0.668,-0.73,-1.52,0.79,1.46,1,0.2026,-0.5535,-1.0081,1.89,-2.2,0.49
1790657596.3859,19367,1698834,1,-0.0933,-0.6694,-0.7351,-0.85,0.73,1.4,1,0.198,-0.5508,-1.0125,1.65,-1.77,0.18
1790657596.4159,19368,1698854,1,-0.0952,-0.6733,-0.7354,-0.79,0.73,1.4,1,0.1975,-0.5522,-1.0076,1.83,-1.77,0.3
1790657596.4310,19369,1698874,1,-0.0959,-0.6709,-0.7332,-1.4,0.67,1.46,1,0.1968,-0.5503,-1.0081,2.01,-1.95,0.49
1790657596.4609,19370,1698894,1,-0.0991,-0.667,-0.7319,-1.34,0.61,1.4,1,0.1997,-0.5569,-1.0068,1.95,-1.95,0.3
1790657596.4760,19371,1698914,1,-0.1023,-0.6675,-0.7344,-0.91,0.61,1.34,1,0.2039,-0.5574,-1.0071,1.83,-1.89,0.18
1790657596.4907,19372,1698934,1,-0.0994,-0.6704,-0.7317,-1.04,0.61,1.34,1,0.2029,-0.5542,-1.0071,1.89,-1.95,0.18
1790657596.5058,19373,1698954,1,-0.0986,-0.6748,-0.7324,-0.85,0.61,1.34,1,0.2029,-0.5505,-1.0093,1.77,-1.77,0.18
1790657596.5360,19374,1698974,1,-0.0972,-0.6748,-0.7295,-0.79,0.49,1.34,1,0.2043,-0.5488,-1.0076,1.77,-1.83,0.12
1790657596.5510,19375,1698994,1,-0.0979,-0.675,-0.7339,-1.16,0.55,1.4,1,0.2075,-0.551,-1.0083,1.89,-1.95,0.24
1790657596.5656,19376,1699014,1,-0.0986,-0.6714,-0.7295,-1.16,0.61,1.46,1,0.2061,-0.5505,-1.0098,1.95,-2.01,0.3
1790657596.5959,19377,1699034,1,-0.1001,-0.6721,-0.7302,-0.98,0.67,1.46,1,0.2068,-0.5481,-1.0076,1.83,-1.83,0.3
1790657596.6110,19378,1699054,1,-0.0942,-0.6736,-0.7273,-0.98,0.61,1.4,1,0.2051,-0.5483,-1.0112,1.89,-1.89,0.24
1790657596.6255,19379,1699074,1,-0.0957,-0.6743,-0.731,-1.16,0.73,1.46,1,0.312,-0.7234,-1.228,-3.17,-15.0,-12.99
1790657596.6560,19380,1699094,1,-0.1267,-0.5056,-0.8181,52.8,-25.3,-36.52,1,0.2009,-0.147,-0.9419,356.59,146.46,12.8
1790657596.6706,19381,1699114,1,0.0967,-0.9153,-0.7354,-15.3,-74.82,-8.23,1,0.2341,-0.3137,-0.9504,297.8,65.79,352.13
1790657596.6854,19382,1699134,1,-0.4058,-0.502,-0.5823,36.83,-49.63,-32.07,1,-0.5547,-0.9497,-0.9541,261.04,86.34,154.88
1790657596.7158,19383,1699154,1,0.0186,-1.0908,-0.4167,15.37,56.04,-111.34,1,0.0872,-0.7229,-0.8945,139.76,51.04,29.21
1790657596.7310,19384,1699174,1,-0.1543,-0.6699,-0.7085,18.23,-27.26,-45.55,1,-0.0796,-0.6174,-1.0386,-64.27,-80.91,-47.32
1790657596.7460,19385,1699194,1,-0.458,-0.2966,-1.0327,30.55,-17.8,-24.82,1,0.312,-1.1797,-0.5657,-175.55,-48.48,21.34
1790657596.7755,19386,1699214,1,0.2576,-0.9961,-0.6936,-83.96,-8.29,29.09,1,0.3254,-1.4177,-0.5508,-20.3,25.79,-77.07
1790657596.7907,19387,1699234,1,-0.1948,-0.5305,-0.6965,19.02,3.72,2.56,1,0.2764,-1.6265,-0.0544,91.83,53.11,101.46
1790657596.8058,19388,1699254,1,-0.2915,-0.6067,-0.5886,31.95,0.73,22.93,1,0.1887,-0.8528,-0.5891,151.95,57.62,25.0
1790657596.8363,19389,1699274,1,-0.0044,-0.5071,-0.7119,-33.96,-40.61,4.63,1,0.1782,-0.8699,-0.752,34.82,0.61,-2.44
1790657596.8664,19390,1699294,1,-0.1982,-0.6306,-0.6436,25.12,33.84,58.23,1,0.0505,-0.7795,-0.8645,-70.3,-22.38,-6.77
1790657596.8670,19391,1699314,1,0.0991,-0.3293,-0.7041,38.23,24.27,25.55,1,0.0427,-0.8408,-0.8413,8.23,73.96,21.71
1790657596.8960,19392,1699334,1,-0.0701,-0.821,-0.7681,-44.7,16.1,-31.4,1,0.0005,-0.5278,-1.4739,-251.65,-155.73,-103.17
1790657596.9110,19393,1699354,1,-0.072,-0.7087,-0.6956,25.0,30.43,27.32,1,0.2012,-0.666,-0.6897,-250.73,-158.6,-115.24
1790657596.9259,19394,1699374,1,-0.2051,-0.7214,-0.7139,16.28,29.82,8.6,1,0.2134,-0.9602,-0.7144,-282.62,46.46,-422.8
1790657596.9559,19395,1699394,1,0.1233,-0.4336,-0.8916,25.91,-24.33,-12.07,1,0.4128,-0.4553,-1.0066,-106.95,36.65,-169.88
1790657596.9703,19396,1699414,1,-0.0396,-0.698,-0.6267,-48.96,19.88,16.28,1,0.3425,-0.5144,-0.9658,21.4,-1.16,56.77
1790657596.9853,19397,1699434,1,-0.1929,-0.8599,-0.5613,-11.95,-3.17,-2.74,1,0.1523,-0.6663,-1.0,20.12,-12.5,36.04
1790657597.0153,19398,1699454,1,-0.1021,-0.6804,-0.7195,0.43,0.43,1.4,1,0.2422,-0.5984,-0.9373,-16.46,-2.93,-6.22
1790657597.0304,19399,1699474,1,-0.0974,-0.6799,-0.7297,1.04,1.83,2.62,1,0.228,-0.6016,-0.9529,-24.45,8.05,-46.59
1790657597.0454,19400,1699494,1,-0.0759,-0.7007,-0.718,-7.5,2.62,-0.18,1,0.3667,-0.4871,-0.9863,55.24,-17.07,37.93
1790657597.0754,19401,1699514,1,-0.0908,-0.6838,-0.7173,-6.52,1.28,2.5,1,0.1238,-0.9207,-0.8899,46.22,-30.98,53.96
1790657597.0904,19402,1699534,1,-0.1108,-0.6802,-0.7349,-3.05,10.37,11.65,1,0.2043,-0.6165,-0.957,3.29,-9.21,16.59
1790657597.1056,19403,1699554,1,-0.1006,-0.6816,-0.7185,-1.4,2.99,3.84,1,0.147,-0.3193,-1.0305,-12.99,-12.99,-1.28
1790657597.1360,19404,1699574,1,-0.1187,-0.6829,-0.6724,-9.7,22.8,22.13,1,0.4927,-1.092,-1.5901,-144.57,-18.23,27.07
1790657597.1509,19405,1699594,1,-0.0979,-0.6736,-0.7271,-29.45,-6.77,-13.72,1,0.321,-0.53,-1.3091,-172.5,179.88,-347.74
1790657597.1658,19406,1699614,1,-0.0474,-0.5811,-0.8098,12.5,-22.32,-25.24,1,0.3474,-0.2983,-1.4443,-210.79,101.95,-162.68
1790657597.1960,19407,1699634,1,-0.0146,-0.5007,-0.8313,-44.45,0.43,6.16,1,0.3728,-0.5442,-1.1895,-204.02,88.17,-159.33
1790657597.2110,19408,1699654,1,-0.4104,-0.4031,-0.9146,-116.89,13.11,34.39,1,0.5242,-0.7583,-1.0723,-143.54,69.27,-144.76
1790657597.2259,19409,1699674,1,0.3879,-1.3547,-0.0339,-193.84,36.65,153.6,1,0.6233,-0.6814,-1.0605,-54.02,76.95,-142.56
1790657597.2556,19410,1699694,1,-0.438,-0.8008,-0.623,-93.78,-16.1,14.7,1,0.4661,0.2043,-1.0618,-37.87,118.23,-189.39
1790657597.2704,19411,1699714,1,-0.3789,-0.7324,-0.7542,-83.35,-85.24,78.96,1,0.3101,-0.0234,-1.23,-90.91,70.37,-59.57
1790657597.2854,19412,1699734,1,-0.2893,-0.7012,-0.8206,-10.55,-106.65,155.61,1,0.8052,-0.6023,-1.2554,-75.18,11.34,32.5
1790657597.3161,19413,1699754,1,-0.3025,-0.2134,-0.9314,-25.55,-75.79,228.41,1,1.0662,-0.1865,-1.2227,-0.98,81.89,-5.3
1790657597.3308,19414,1699774,1,-0.3821,-0.5452,-1.0471,-30.91,-72.87,107.8,1,0.7854,-0.2581,-1.1021,19.45,177.01,-59.63
1790657597.3454,19415,1699794,1,-0.4761,-0.5083,-0.9282,-11.71,-100.06,159.15,1,-1.8804,0.304,-0.0659,7.26,50.37,-47.8
1790657597.3754,19416,1699814,1,0.1182,-0.7373,-1.2031,44.15,-108.72,218.29,1,1.4941,0.2781,-1.1433,-14.76,-68.48,79.94
1790657597.3904,19417,1699834,1,-0.1726,-0.3726,-0.9595,3.66,-17.93,125.73,1,0.4907,-0.2302,-1.0061,-74.39,-14.39,-63.9
1790657597.4056,19418,1699854,1,-0.0706,-0.3936,-0.9812,-14.7,8.11,129.15,1,0.5989,-0.1287,-0.9604,-61.34,-29.21,-28.23
1790657597.4360,19419,1699874,1,-0.301,-0.3184,-0.9873,-35.0,7.07,155.3,1,0.6692,-0.0347,-0.97,-64.39,-25.0,-51.71
1790657597.4510,19420,1699894,1,-0.3186,-0.1367,-0.9158,-44.39,48.9,121.59,1,0.5774,-0.0439,-0.9392,-55.79,-23.41,-45.85
1790657597.4655,19421,1699914,1,-0.3018,-0.0996,-0.9443,-38.84,69.45,83.11,1,0.4629,-0.0781,-0.9478,-42.2,-20.91,-34.88
1790657597.4960,19422,1699934,1,-0.2507,0.0085,-0.2009,-52.62,120.3,14.02,1,0.49,-0.074,-0.9351,-14.57,-48.29,31.22
1790657597.5110,19423,1699954,1,-0.6667,0.064,-0.4355,-44.57,116.1,-21.1,1,0.5972,-0.1267,-0.9482,-1.83,-64.94,46.1
1790657597.5259,19424,1699974,1,-0.6724,-0.2029,-0.6553,-84.82,73.23,41.46,1,0.5403,-0.0134,-0.9883,6.46,-53.17,34.02
1790657597.5558,19425,1699994,1,-0.5811,-0.2712,-0.7876,-96.83,52.01,49.76,1,0.4915,-0.0249,-0.9941,8.05,-47.99,50.55
1790657597.5708,19426,1700014,1,-0.5271,-0.2559,-0.7605,-85.3,50.61,37.32,1,0.5173,-0.0205,-0.9756,-2.74,-39.15,-5.91
1790657597.5862,19427,1700034,1,-0.3638,-0.1646,-0.9216,-70.3,49.15,40.3,1,0.5256,-0.0486,-1.042,4.09,-31.28,4.27
1790657597.6159,19428,1700054,1,-0.5525,-0.2339,-0.8977,-78.35,56.16,21.22,1,0.4346,-0.0215,-1.0269,-9.94,-25.43,-13.48
1790657597.6310,19429,1700074,1,-0.5371,-0.2053,-1.073,-69.02,57.13,12.13,1,0.5027,-0.0396,-1.0349,-9.7,-31.1,-18.17
1790657597.6456,19430,1700094,1,-0.502,-0.2874,-0.9551,-66.46,33.29,-20.61,1,0.436,-0.083,-1.093,-19.82,-23.11,-42.93
1790657597.6755,19431,1700114,1,-0.4219,-0.1853,-1.0969,-57.38,34.21,-31.95,1,0.4775,-0.0349,-1.073,-14.09,-35.85,-21.04
1790657597.6909,19432,1700134,1,-0.4111,-0.1443,-1.095,-48.48,66.71,-53.6,1,0.5232,-0.0127,-1.1008,-13.6,-37.93,-22.8
1790657597.7058,19433,1700154,1,-0.3545,-0.0725,-0.9109,-60.24,67.38,-63.9,1,0.4724,0.0432,-1.0845,-23.84,-25.49,-54.02
1790657597.7360,19434,1700174,1,-0.3103,-0.0813,-0.8999,-48.11,-14.51,-14.82,1,0.3337,-0.0464,-1.0933,-29.45,-14.15,-73.11
1790657597.7510,19435,1700194,1,-0.218,-0.083,-0.9453,-33.05,6.46,-10.67,1,0.5396,0.0085,-1.105,-12.74,-39.88,-27.44
1790657597.7659,19436,1700214,1,-0.2612,0.0535,-0.9617,-2.26,47.56,-29.57,1,0.4744,-0.0059,-1.0671,-5.49,-38.41,-32.99
1790657597.7960,19437,1700234,1,-0.2361,0.1333,-0.9478,-24.33,35.73,-7.38,1,0.4092,0.1045,-1.1194,3.29,-41.52,-20.37
1790657597.8104,19438,1700254,1,-0.2241,-0.0071,-0.9202,-27.07,-31.4,25.0,1,0.4077,-0.041,-1.0984,-4.27,-34.51,-48.54
1790657597.8253,19439,1700274,1,-0.1953,0.1006,-0.9482,-6.59,-19.51,25.49,1,0.4712,0.0264,-1.1526,14.15,-47.62,-15.18
1790657597.8554,19440,1700294,1,-0.2576,0.1772,-0.9927,4.88,47.32,14.51,1,0.3237,0.0222,-1.1326,6.46,-45.49,-7.68
1790657597.8704,19441,1700314,1,-0.3042,0.1079,-0.9009,-30.91,6.22,35.91,1,0.5479,0.0398,-1.1211,-7.13,-39.51,-33.11
1790657597.8854,19442,1700334,1,-0.2188,0.0898,-1.0168,-34.09,-15.06,68.17,1,0.3113,0.0833,-1.1113,-7.13,-28.72,-28.41
1790657597.9154,19443,1700354,1,-0.137,0.1152,-0.9426,-32.68,11.4,59.88,1,0.1423,0.0364,-1.1401,-13.54,-16.65,-40.55
1790657597.9304,19444,1700374,1,-0.1526,0.1384,-1.0881,-14.02,-2.56,53.35,1,0.2585,0.0398,-1.1267,-1.04,-29.94,-3.05
1790657597.9460,19445,1700394,1,-0.2136,0.0398,-1.0371,-27.01,4.45,28.96,1,0.4534,-0.0042,-1.1704,-13.54,-23.6,-35.06
1790657597.9760,19446,1700414,1,-0.3125,0.1145,-1.0232,-27.87,20.91,29.88,1,0.3989,0.0657,-1.1489,-0.73,-40.61,5.73
1790657597.9910,19447,1700434,1,-0.3218,-0.0122,-0.9419,-20.98,-10.73,32.99,1,0.3206,-0.011,-1.1184,-23.54,-11.1,-65.37
1790657598.0056,19448,1700454,1,-0.3103,0.0759,-1.0303,-11.4,-6.46,32.07,1,0.3438,0.0312,-1.1287,-5.73,-25.37,-20.12
1790657598.0361,19449,1700474,1,-0.2583,0.0286,-0.9124,-8.29,12.32,18.48,1,0.3521,0.1133,-1.1196,-11.34,-11.59,-45.85
1790657598.0507,19450,1700494,1,-0.2043,0.1106,-1.0503,5.55,5.37,12.68,1,0.2959,0.0935,-1.095,0.0,-19.15,-15.85
1790657598.0654,19451,1700514,1,-0.2183,0.0491,-1.0249,-1.95,10.0,23.17,1,0.2104,0.104,-1.0806,-1.59,-12.01,-24.63
1790657598.0955,19452,1700534,1,-0.2212,0.0583,-0.9795,1.59,17.93,10.12,1,0.2688,0.082,-1.1008,-7.87,-7.87,-33.84
1790657598.1104,19453,1700554,1,-0.1804,0.041,-0.9917,3.84,20.18,-0.43,1,0.2339,0.0718,-1.0881,-8.35,-6.1,-33.84
1790657598.1261,19454,1700574,1,-0.2576,0.0818,-0.865,0.43,25.37,-6.4,1,0.2581,0.0911,-1.106,0.73,-11.71,-10.67
1790657598.1558,19455,1700594,1,-0.2288,0.1086,-0.8813,12.26,18.66,-15.61,1,0.2568,0.0879,-1.0947,-1.71,-10.0,-15.61
1790657598.1710,19456,1700614,1,-0.1865,0.1201,-0.9382,20.0,14.45,-19.76,1,0.2686,0.085,-1.1064,-1.1,-8.96,-19.09
1790657598.1861,19457,1700634,1,-0.2136,0.1631,-0.906,14.76,15.37,-19.15,1,0.2507,0.0845,-1.1204,-3.48,-7.93,-19.76
1790657598.2163,19458,1700654,1,-0.1682,0.1677,-0.6702,8.84,20.0,-20.61,1,0.2385,0.0449,-1.124,0.12,-20.98,-2.99
1790657598.2315,19459,1700674,1,-0.093,0.2373,-1.052,43.11,-17.01,-25.79,1,0.2764,0.1028,-1.1277,1.71,-11.04,16.83
1790657598.2460,19460,1700694,1,-0.219,0.0957,-0.8772,-23.23,38.96,-26.52,1,0.1943,0.1299,-1.1431,-1.95,-16.46,-7.5
1790657598.2755,19461,1700714,1,-0.1494,0.271,-1.0642,18.72,26.95,-37.62,1,0.2256,0.1572,-1.1392,0.79,-10.98,3.05
1790657598.2905,19462,1700734,1,-0.2058,0.1025,-1.0247,1.95,9.63,-9.21,1,0.2402,0.0601,-1.1792,-4.94,-10.18,-0.55
1790657598.3054,19463,1700754,1,-0.2329,0.1184,-1.0569,-5.98,16.1,5.0,1,0.2012,0.1062,-1.1699,-6.52,-7.56,-1.16
1790657598.3511,19464,1700774,1,-0.1377,0.1226,-0.9839,-14.15,10.12,10.06,1,0.196,0.0652,-1.1438,-9.15,-11.89,-21.04
1790657598.3517,19465,1700794,1,-0.0999,0.1338,-1.0837,3.96,-13.9,12.56,1,0.2646,0.1826,-1.1426,-6.34,-6.1,-7.2
1790657598.3657,19466,1700814,1,-0.1384,0.0442,-0.9539,-3.17,-7.56,17.8,1,0.2395,0.1199,-1.1399,-10.06,-8.72,-15.91
1790657598.3954,19467,1700834,1,-0.1021,0.0225,-1.0354,7.56,-4.33,10.79,1,0.2363,0.1758,-1.1716,-6.71,-1.4,-9.7
1790657598.4103,19468,1700854,1,-0.1016,0.0583,-1.032,5.18,-6.83,16.77,1,0.2036,0.1636,-1.158,-6.71,-3.23,-18.84
1790657598.4253,19469,1700874,1,-0.0994,0.0227,-1.0498,6.77,0.12,13.78,1,0.2209,0.1453,-1.1599,-7.87,-1.46,-19.15
1790657598.4553,19470,1700894,1,-0.1165,0.0398,-1.0535,9.76,3.29,9.33,1,0.2075,0.1372,-1.1716,-4.63,-2.56,-13.78
1790657598.4704,19471,1700914,1,-0.1448,0.074,-1.0117,9.88,0.43,6.1,1,0.1851,0.1277,-1.1453,-0.24,-6.34,-12.5
1790657598.4854,19472,1700934,1,-0.2122,0.0891,-0.9236,10.37,-0.61,1.59,1,0.2056,0.1555,-1.1411,1.4,-6.22,-6.1
1790657598.5155,19473,1700954,1,-0.1946,0.0642,-0.8196,-9.7,3.17,-1.83,1,0.2483,0.0203,-1.1577,0.61,-14.7,-16.28
1790657598.5304,19474,1700974,1,-0.1206,0.1892,-1.0593,22.99,-12.26,-18.23,1,0.2039,0.1814,-1.1604,6.16,-12.01,-3.9
1790657598.5454,19475,1700994,1,-0.073,0.0566,-1.1367,9.82,12.68,-18.23,1,0.2122,0.187,-1.1521,7.8,-9.33,6.1
1790657598.5754,19476,1701014,1,-0.2083,0.1155,-0.9656,-7.8,21.4,-9.63,1,0.2471,0.1699,-1.1575,5.61,-8.41,-7.2
1790657598.5903,19477,1701034,1,-0.1853,0.084,-0.9531,-16.04,18.54,-0.85,1,0.1628,0.1543,-1.2356,0.06,-6.34,-12.56
1790657598.6054,19478,1701054,1,-0.1846,0.072,-1.0364,2.93,13.54,-3.72,1,0.238,0.1458,-1.1721,-2.62,-12.38,-9.45
1790657598.6354,19479,1701074,1,-0.144,-0.0383,-1.0649,4.21,-8.66,-18.41,1,0.1978,0.1472,-1.1824,0.67,-5.3,-5.43
1790657598.6507,19480,1701094,1,-0.1292,0.1431,-1.0369,2.2,7.8,-15.12,1,0.1731,0.1172,-1.1738,-6.95,-6.65,-6.04
1790657598.6656,19481,1701114,1,-0.0801,0.0918,-1.042,18.41,2.01,-11.22,1,0.2034,0.1152,-1.158,-8.11,-8.66,-1.83
1790657598.6960,19482,1701134,1,-0.1401,0.0859,-1.0254,8.35,3.23,-9.63,1,0.1433,0.1741,-1.1023,-6.59,-5.55,-0.55
1790657598.7111,19483,1701154,1,-0.1509,0.0984,-0.9175,0.37,-3.84,-1.71,1,0.1736,0.1494,-1.0767,-6.34,-2.8,4.15
1790657598.7255,19484,1701174,1,-0.0713,0.052,-0.9414,-0.18,-13.05,12.99,1,0.1636,0.1404,-1.0933,-0.55,0.43,2.26
1790657598.7556,19485,1701194,1,-0.1477,0.0554,-0.8154,12.74,-24.51,28.72,1,0.2292,0.1318,-1.0991,0.06,-12.99,-14.45
1790657598.7860,19486,1701214,1,-0.1355,0.0093,-0.9395,12.44,-17.87,7.68,1,0.1284,0.1567,-1.1089,-5.24,-6.52,-16.89
1790657598.7866,19487,1701234,1,-0.1487,0.147,-0.9329,7.5,-7.07,-10.79,1,0.1152,0.1594,-1.103,-2.93,-2.32,-14.21
1790657598.8156,19488,1701254,1,-0.1187,0.0654,-0.9194,-5.85,-9.33,-3.6,1,0.1323,0.158,-1.113,-5.24,3.66,-10.85
1790657598.8307,19489,1701274,1,-0.1206,-0.0015,-0.9714,-10.49,-8.35,4.45,1,0.1445,0.137,-1.1338,-5.98,6.4,-7.32
1790657598.8461,19490,1701294,1,-0.1282,-0.1243,-1.1692,2.01,-3.84,-4.94,1,0.1594,0.146,-1.1479,-1.77,11.71,0.91
1790657598.8755,19491,1701314,1,-0.2349,0.0732,-0.8406,-5.18,-5.55,-23.29,1,0.1323,0.1438,-1.1416,-7.13,20.43,11.04
1790657598.9060,19492,1701334,1,-0.175,-0.0439,-0.9329,15.0,-20.98,14.51,1,0.1909,0.1699,-1.1655,-4.94,12.01,10.79
1790657598.9065,19493,1701354,1,-0.248,0.093,-1.0166,12.93,-21.89,-3.72,1,0.1992,0.0972,-1.1702,-7.87,7.87,9.45
1790657598.9360,19494,1701374,1,-0.1711,0.1665,-1.033,21.52,-31.22,5.73,1,0.1733,0.1729,-1.1501,-6.16,14.09,12.13
1790657598.9510,19495,1701394,1,-0.1287,0.03,-1.0886,10.3,-22.74,20.06,1,0.2021,0.1824,-1.1721,-7.38,15.49,9.57
1790657598.9656,19496,1701414,1,-0.2319,0.1133,-0.873,2.93,-19.15,7.99,1,0.2004,0.1799,-1.1538,-9.82,14.94,12.26
1790657598.9960,19497,1701434,1,-0.2034,-0.0562,-1.0571,12.32,-26.52,7.74,1,0.2266,0.1782,-1.1372,-6.16,8.11,12.32
1790657599.0111,19498,1701454,1,-0.1663,0.0542,-1.1069,6.28,-11.59,-7.38,1,0.2175,0.2205,-1.1221,-9.82,15.98,6.95
1790657599.0256,19499,1701474,1,-0.1455,0.0701,-0.9211,-9.15,-20.12,20.91,1,0.2036,0.2009,-1.0903,-14.02,16.16,14.51
1790657599.0561,19500,1701494,1,-0.1704,-0.0452,-0.8806,1.34,-29.39,44.82,1,0.2222,0.2075,-1.0776,-9.76,8.72,14.63
1790657599.0704,19501,1701514,1,-0.269,0.0,-0.7876,13.41,-20.91,15.98,1,0.2087,0.1956,-1.0667,-3.78,6.77,21.52
1790657599.0855,19502,1701534,1,-0.2612,-0.0193,-0.9226,25.43,-22.32,20.61,1,0.2209,0.189,-1.0815,2.62,3.96,23.29
1790657599.1155,19503,1701554,1,-0.2004,0.0913,-0.9849,18.11,-25.12,25.43,1,0.2334,0.1865,-1.0964,3.17,6.22,20.0
1790657599.1311,19504,1701574,1,-0.271,0.0425,-0.8262,10.61,-21.89,29.51,1,0.2363,0.2021,-1.0874,1.52,4.02,20.55
1790657599.1459,19505,1701594,1,-0.323,0.0112,-0.9006,12.74,-20.3,12.26,1,0.2144,0.2053,-1.0728,-3.11,6.89,21.22
1790657599.1761,19506,1701614,1,-0.2793,0.0227,-0.9929,5.98,-29.21,18.9,1,0.1636,0.2097,-1.0781,-0.61,9.57,26.1
1790657599.1911,19507,1701634,1,-0.2239,0.0557,-0.9177,-13.72,-39.51,39.7,1,0.1479,0.2002,-1.0847,5.37,7.56,31.4
1790657599.2059,19508,1701654,1,-0.2336,-0.0354,-0.8376,-19.09,-46.65,52.5,1,0.2251,0.2163,-1.1296,14.33,6.46,32.74
1790657599.2361,19509,1701674,1,-0.2559,-0.095,-0.9175,-3.11,-35.61,34.02,1,0.2864,0.2041,-1.1548,19.45,7.26,32.38
1790657599.2511,19510,1701694,1,-0.3577,-0.2422,-1.0227,8.6,-16.65,15.91,1,0.3425,0.1895,-1.1672,20.12,6.22,28.6
1790657599.2805,19511,1701714,1,-0.406,0.1038,-1.0339,9.27,-7.8,-9.27,1,0.3613,0.1821,-1.1514,18.29,2.8,25.12
1790657599.2954,19512,1701734,1,-0.4744,0.0847,-0.9517,2.2,-9.45,15.61,1,0.322,0.1562,-1.1448,19.09,1.65,25.49
1790657599.3104,19513,1701754,1,-0.4282,0.0654,-1.0312,1.46,-19.94,31.1,1,0.3223,0.1665,-1.1223,19.33,-5.0,28.05
1790657599.3261,19514,1701774,1,-0.405,0.085,-0.9282,-11.83,-25.0,29.45,1,0.2961,0.1719,-1.063,17.68,-2.99,26.28
1790657599.3559,19515,1701794,1,-0.3953,0.0386,-0.8066,-16.28,-43.17,27.5,1,0.353,0.2148,-1.0129,12.44,-0.12,28.66
1790657599.3709,19516,1701814,1,-0.3606,0.0012,-0.7942,-16.77,-46.52,34.51,1,0.3171,0.1616,-0.9739,14.39,7.26,27.32
1790657599.3861,19517,1701834,1,-0.3569,-0.0808,-0.7451,-19.63,-45.12,58.05,1,0.343,0.1536,-1.0164,22.68,10.18,28.6
1790657599.4156,19518,1701854,1,-0.311,-0.1128,-0.7825,0.73,-40.18,64.21,1,0.3728,0.1731,-1.0642,24.39,7.56,29.57
1790657599.4305,19519,1701874,1,-0.3398,-0.0127,-0.8423,11.83,-9.82,23.72,1,0.3823,0.179,-1.0649,19.09,5.79,23.72
1790657599.4457,19520,1701894,1,-0.4365,0.021,-0.8381,11.59,16.4,2.32,1,0.3967,0.1658,-1.0686,13.17,8.41,13.72
1790657599.4756,19521,1701914,1,-0.4958,-0.0073,-0.8687,12.38,15.73,-3.11,1,0.416,0.1519,-1.1003,10.12,11.46,5.85
1790657599.4911,19522,1701934,1,-0.5007,0.0166,-0.9558,17.07,9.02,19.15,1,0.4375,0.1372,-1.1426,5.85,11.83,4.09
1790657599.5059,19523,1701954,1,-0.5205,0.0708,-0.9421,22.01,12.44,9.82,1,0.4167,0.1191,-1.1494,2.93,9.02,5.0
1790657599.5361,19524,1701974,1,-0.5122,0.1704,-0.9309,19.51,16.65,2.26,1,0.4119,0.1223,-1.1267,0.91,5.73,3.78
1790657599.5511,19525,1701994,1,-0.49,0.1335,-0.9387,7.32,6.1,17.74,1,0.3845,0.1077,-1.1096,-1.95,5.0,-0.06
1790657599.5661,19526,1702014,1,-0.4739,0.1038,-0.9111,-4.02,-7.38,36.77,1,0.3767,0.1013,-1.1003,-0.67,4.39,-1.89
1790657599.5961,19527,1702034,1,-0.4126,0.0361,-0.8613,-5.49,-9.63,42.44,1,0.3948,0.0906,-1.1045,0.24,5.79,-2.2
1790657599.6260,19528,1702054,1,-0.3535,0.0659,-0.863,-1.16,-5.37,27.62,1,0.3835,0.104,-1.0771,1.65,6.95,-3.66
1790657599.6265,19529,1702074,1,-0.3582,0.0515,-0.8259,3.6,9.15,18.35,1,0.3623,0.0947,-1.0352,1.4,6.16,-3.29
1790657599.6557,19530,1702094,1,-0.3362,0.0715,-0.832,4.33,15.18,8.54,1,0.3633,0.116,-1.0103,5.79,4.63,-3.05
1790657599.6705,19531,1702114,1,-0.3015,0.0669,-0.8062,2.13,10.49,18.41,1,0.3623,0.0833,-1.0115,11.16,7.32,-5.3
1790657599.6861,19532,1702134,1,-0.2075,0.1274,-0.7827,3.72,9.51,41.34,1,0.3838,0.1074,-1.0361,17.32,8.41,-5.12
1790657599.7159,19533,1702154,1,-0.301,0.0957,-0.7937,4.45,20.67,39.94,1,0.4163,0.0925,-1.0632,19.76,8.29,-4.02
1790657599.7311,19534,1702174,1,-0.2122,0.1226,-1.0596,23.72,31.28,29.21,1,0.4092,0.0947,-1.0889,23.54,7.5,-3.11
1790657599.7461,19535,1702194,1,-0.3638,0.1245,-0.9243,-7.26,57.68,32.99,1,0.4587,0.0894,-1.1682,24.15,6.52,-9.45
1790657599.7756,19536,1702214,1,-0.4639,0.228,-1.0676,-5.67,40.24,-0.18,1,0.4453,0.0552,-1.1868,20.06,4.88,-4.57
1790657599.7911,19537,1702234,1,-0.3923,0.1921,-1.1274,-15.06,39.88,38.54,1,0.4268,0.0557,-1.1687,13.6,2.01,-3.35
1790657599.8061,19538,1702254,1,-0.3745,0.1523,-0.968,-26.28,54.94,22.56,1,0.3994,0.0425,-1.1316,9.21,0.73,-4.51
1790657599.8361,19539,1702274,1,-0.3984,0.1531,-0.865,-25.91,43.41,22.38,1,0.4028,0.043,-1.1035,8.54,-1.52,-8.84
1790657599.8506,19540,1702294,1,-0.2788,0.1328,-0.8535,-19.27,20.12,38.96,1,0.3965,0.0564,-1.0886,10.79,-0.06,-7.68
1790657599.8656,19541,1702314,1,-0.4211,0.2192,-0.865,1.52,21.52,26.52,1,0.4082,0.0286,-1.1038,10.67,1.04,-6.65
1790657599.8961,19542,1702334,1,-0.3689,0.1672,-0.9011,-6.1,27.62,59.94,1,0.4131,0.0598,-1.1208,7.8,4.33,-10.49
1790657599.9111,19543,1702354,1,-0.3379,0.1716,-0.9138,-2.93,36.89,12.07,1,0.4263,0.0557,-1.1157,-0.3,10.37,-25.43
1790657599.9261,19544,1702374,1,-0.3137,0.1028,-0.9158,-9.27,38.6,14.51,1,0.4026,0.0566,-1.0884,-5.06,11.89,-30.67
1790657599.9559,19545,1702394,1,-0.7185,-0.0334,-1.2307,-2.74,144.76,-0.37,1,0.3828,0.0801,-1.0715,-3.72,11.04,-27.07
1790657599.9711,19546,1702414,1,-0.2996,-0.0754,-1.0386,-30.49,43.54,46.65,1,0.4248,0.0776,-1.0945,-9.27,11.4,-32.32
1790657599.9863,19547,1702434,1,-0.4915,0.3752,-0.9238,17.62,-9.76,65.73,1,0.4619,0.0889,-1.1147,-11.46,9.82,-30.06
1790657600.0161,19548,1702454,1,-0.3164,0.1379,-0.9666,19.15,-8.72,76.83,1,0.4392,0.1074,-1.0967,-12.26,6.77,-29.39
1790657600.0311,19549,1702474,1,-0.2478,0.0469,-0.9458,43.66,-43.84,40.55,1,0.4128,0.1199,-1.0667,-13.29,8.78,-26.89
1790657600.0457,19550,1702494,1,-0.2966,0.1138,-0.9617,50.18,-45.79,44.09,1,0.4438,0.1069,-1.0632,-16.77,8.9,-31.46
1790657600.0755,19551,1702514,1,-0.2456,0.1921,-0.9587,68.78,-37.87,54.57,1,0.427,0.1165,-1.082,-18.96,10.37,-34.63
1790657600.0905,19552,1702534,1,-0.3784,-0.0337,-0.9487,85.79,-59.27,8.66,1,0.4373,0.1443,-1.0981,-20.73,11.95,-27.07
1790657600.1060,19553,1702554,1,-0.3101,0.1208,-0.9478,93.78,-63.84,9.45,1,0.4163,0.155,-1.0366,-23.9,8.78,-22.32
1790657600.1361,19554,1702574,1,-0.1875,0.1711,-0.998,93.72,-64.57,-5.3,1,0.3958,0.1692,-0.9844,-21.52,11.89,-19.02
1790657600.1511,19555,1702594,1,-0.0969,0.1772,-1.0356,55.55,-36.71,4.21,1,0.3899,0.1572,-0.9976,-12.01,16.16,-15.12
1790657600.1658,19556,1702614,1,-0.0137,0.0769,-1.0042,53.29,-36.52,12.07,1,0.4011,0.1746,-1.0752,-7.44,17.44,-10.49
1790657600.1958,19557,1702634,1,-0.2268,-0.0679,-0.9626,47.13,7.38,20.73,1,0.4246,0.1355,-1.0823,-12.8,14.27,-11.71
1790657600.2109,19558,1702654,1,-0.2751,-0.0259,-0.9602,55.55,23.29,4.7,1,0.4067,0.1792,-1.0439,-14.7,10.49,-10.24
1790657600.2259,19559,1702674,1,-0.3179,-0.1113,-0.9509,62.38,15.67,-2.44,1,0.408,0.1772,-1.0212,-14.33,14.39,-9.21
1790657600.2561,19560,1702694,1,-0.3877,-0.2305,-0.9233,75.61,6.16,8.9,1,0.4263,0.1877,-1.0474,-9.51,16.1,-4.15
1790657600.2705,19561,1702714,1,-0.4998,-0.1289,-0.9089,33.78,-8.66,20.79,1,0.4741,0.1892,-1.0676,-17.07,14.27,10.43
1790657600.2855,19562,1702734,1,-0.5852,-0.3176,-0.9294,103.17,-92.74,69.21,1,0.4294,0.1953,-1.0693,-19.15,17.93,4.33
1790657600.3155,19563,1702754,1,-0.5801,-0.1621,-0.8135,130.61,-137.62,42.8,1,0.4424,0.1902,-1.0942,-23.05,12.56,9.39
1790657600.3305,19564,1702774,1,-0.5503,-0.2439,-0.8101,136.16,-162.5,59.02,1,0.4714,0.2161,-1.1013,-22.07,6.59,-0.3
1790657600.3454,19565,1702794,1,-0.4973,-0.1562,-0.7961,153.6,-180.0,50.79,1,0.4709,0.2656,-1.0793,-20.24,8.72,-3.17
1790657600.3754,19566,1702814,1,-0.5603,-0.208,-0.7595,150.61,-185.61,56.65,1,0.447,0.3101,-1.1079,-22.62,-3.41,19.33
1790657600.3911,19567,1702834,1,-0.6221,-0.1807,-0.6833,130.73,-178.17,51.89,1,0.5305,0.2246,-1.1941,-31.65,-25.18,36.89
1790657600.4061,19568,1702854,1,-0.5962,-0.1675,-0.7139,99.76,-148.96,48.41,1,0.4985,0.2319,-1.1543,-22.93,-14.45,19.21
1790657600.4361,19569,1702874,1,0.0117,-0.1069,-1.0845,77.62,-125.73,53.48,1,0.3398,-0.0142,-1.1091,-43.96,57.74,219.76
1790657600.4511,19570,1702894,1,-0.3113,-0.2273,-0.9497,65.37,63.54,-208.9,1,0.0432,0.1667,-0.9521,1.89,-8.54,-37.68
1790657600.4660,19571,1702914,1,-0.3752,-0.3877,-0.8186,42.87,121.04,-224.33,1,0.2751,0.3987,-0.9866,19.76,-34.88,-65.85
1790657600.4961,19572,1702934,1,-0.2993,-0.3904,-0.8584,3.35,106.59,-217.68,1,0.4841,0.3425,-1.1702,-21.83,-50.24,-17.68
1790657600.5111,19573,1702954,1,-0.3386,-0.5762,-0.8237,22.74,53.17,-26.59,1,0.5161,0.2522,-1.2375,-24.09,-41.59,-2.87
1790657600.5259,19574,1702974,1,-0.3943,-0.5813,-0.752,16.46,-8.23,45.85,1,0.5571,0.2827,-1.1982,-17.13,-40.98,-8.29
1790657600.5560,19575,1702994,1,-0.4944,-0.4946,-0.6592,38.84,-60.12,115.3,1,0.4067,0.2595,-1.1284,-15.73,-30.91,15.67
1790657600.5705,19576,1703014,1,-0.5713,-0.4453,-0.6592,29.45,-35.18,121.4,1,0.4021,0.2065,-1.0859,-9.63,-22.87,35.98
1790657600.5855,19577,1703034,1,-0.5837,-0.4412,-0.6509,20.85,-13.66,83.11,1,0.3726,0.2168,-1.1436,12.87,-12.01,55.67
1790657600.6154,19578,1703054,1,-0.5549,-0.5105,-0.6538,15.12,9.39,14.02,1,0.1973,0.188,-1.1104,20.3,-34.88,23.23
1790657600.6304,19579,1703074,1,-0.6082,-0.4365,-0.6211,1.22,42.93,-49.15,1,0.3665,0.2073,-1.1641,27.8,-61.95,34.51
1790657600.6460,19580,1703094,1,-0.615,-0.4182,-0.6555,-4.57,29.94,0.55,1,0.4172,0.1797,-1.1365,24.45,-46.28,24.76
1790657600.6757,19581,1703114,1,-0.5332,-0.4783,-0.6809,-18.05,9.57,-40.55,1,0.2844,0.22,-1.0259,31.59,-39.63,39.7
1790657600.6910,19582,1703134,1,-0.4509,-0.5503,-0.678,-8.11,17.93,-19.33,1,0.3013,0.1819,-1.0312,34.45,-47.5,41.04
1790657600.7060,19583,1703154,1,-0.5469,-0.4604,-0.6729,-10.49,22.8,13.23,1,0.2915,0.3203,-1.0554,32.56,-61.1,40.0
1790657600.7511,19584,1703174,1,-0.5242,-0.4717,-0.6904,-12.8,21.1,7.32,1,0.7078,0.304,-1.0669,-1.95,-70.37,78.96
1790657600.7518,19585,1703194,1,-0.5796,-0.4202,-0.6772,-14.27,25.55,-32.93,1,0.2549,0.2261,-1.1477,12.74,-46.1,25.55
1790657600.7660,19586,1703214,1,-0.5144,-0.4578,-0.6743,-27.8,33.54,-61.52,1,0.1667,0.2319,-1.0073,-22.93,-70.91,57.07
1790657600.7961,19587,1703234,1,-0.4302,-0.5232,-0.7461,-27.13,26.95,-61.46,1,0.3555,0.2065,-1.1487,-21.77,-109.21,41.71
1790657600.8110,19588,1703254,1,-0.5007,-0.4531,-0.6829,-16.65,28.41,-35.24,1,0.3513,0.2375,-1.2275,-7.5,-103.78,69.09
1790657600.8255,19589,1703274,1,-0.4685,-0.4739,-0.7595,-25.91,47.5,-48.6,1,0.3672,0.3892,-1.2141,-12.13,-65.55,104.39
1790657600.8554,19590,1703294,1,-0.4258,-0.4976,-0.8105,-0.18,39.88,-15.43,1,0.083,0.1033,-1.1973,-3.78,-55.55,165.43
1790657600.8704,19591,1703314,1,-0.0259,-0.6233,-0.7695,12.99,51.16,-357.56,1,0.5181,-0.1003,-0.981,59.39,6.46,203.78
1790657600.8858,19592,1703334,1,-0.2737,-0.615,-0.6929,43.23,95.12,-91.52,1,-0.0518,-0.302,-0.8611,115.67,-27.8,153.84
1790657600.9157,19593,1703354,1,-0.4172,-0.5347,-0.7925,61.34,121.83,-127.38,1,0.0498,-0.0916,-1.2617,103.29,-81.52,89.88
1790657600.9311,19594,1703374,1,-0.2708,-0.6357,-0.7588,53.78,105.18,-82.99,1,0.3513,-0.1711,-1.2744,39.33,-198.17,197.13
1790657600.9461,19595,1703394,1,-0.1853,-0.5964,-0.7451,58.23,103.6,-97.74,1,-0.0203,0.1555,-1.0237,132.01,-154.21,212.93
1790657600.9760,19596,1703414,1,-0.2104,-0.6399,-0.7456,28.9,85.73,-77.93,1,0.5266,0.2188,-0.7595,149.45,-132.44,174.09
1790657601.0061,19597,1703434,1,-0.2224,-0.6394,-0.7693,26.1,54.27,-44.51,1,0.2415,0.4302,-1.2734,66.4,-49.33,123.05
1790657601.0066,19598,1703454,1,-0.1399,-0.6992,-0.6846,24.02,44.21,-24.15,1,0.2241,-0.2649,-1.2944,53.66,12.99,197.99
1790657601.0362,19599,1703474,1,-0.1326,-0.6316,-0.8591,0.0,-5.37,-41.28,1,0.062,-0.2019,-1.1746,69.82,93.54,187.07
1790657601.0511,19600,1703494,1,-0.1289,-0.6936,-0.7439,-19.21,-8.54,-16.83,1,-0.207,-0.0642,-1.1235,-62.74,104.57,-4.15
1790657601.0656,19601,1703514,1,-0.1169,-0.6572,-0.7253,20.12,15.91,14.94,1,-0.1921,-0.2495,-1.2207,-30.12,36.1,63.05
1790657601.0956,19602,1703534,1,-0.0896,-0.6711,-0.7231,0.98,5.24,2.01,1,-0.0444,-0.2341,-1.1897,-6.22,26.71,13.41
1790657601.1112,19603,1703554,1,-0.0842,-0.676,-0.7473,-12.99,-7.56,-5.37,1,0.0378,-0.1602,-1.1797,29.7,-9.27,19.15
1790657601.1261,19604,1703574,1,-0.0852,-0.677,-0.7297,2.01,4.09,1.71,1,0.1353,-0.0916,-1.1443,7.5,-15.55,6.46
1790657601.1557,19605,1703594,1,-0.0894,-0.6709,-0.7302,2.74,2.68,3.05,1,0.0972,-0.113,-1.1851,-4.76,-2.87,12.99
1790657601.1710,19606,1703614,1,-0.085,-0.6716,-0.7305,-1.59,-0.49,0.24,1,0.1167,-0.1003,-1.1741,-0.43,-1.22,-0.06
1790657601.1861,19607,1703634,1,-0.0833,-0.6736,-0.7329,-0.85,0.98,1.52,1,0.1265,-0.0933,-1.1819,12.2,-10.06,20.06
1790657601.2161,19608,1703654,1,-0.084,-0.6743,-0.731,-1.22,0.67,1.59,1,0.0916,-0.1216,-1.1694,14.57,-9.57,19.7
1790657601.2308,19609,1703674,1,-0.0828,-0.6719,-0.7322,-1.59,0.55,1.4,1,0.104,-0.1121,-1.1689,7.93,-6.04,9.39
1790657601.2462,19610,1703694,1,-0.0825,-0.6746,-0.7324,-0.43,0.73,1.4,1,0.0935,-0.1194,-1.1687,4.39,-4.57,8.84
1790657601.2756,19611,1703714,1,-0.0828,-0.6736,-0.7366,-0.91,0.61,1.34,1,0.1003,-0.1147,-1.1731,4.57,-5.61,10.12
1790657601.2905,19612,1703734,1,-0.084,-0.6763,-0.7283,-0.85,0.67,1.46,1,0.0957,-0.1135,-1.1768,6.71,-6.16,10.55
1790657601.3055,19613,1703754,1,-0.0825,-0.6743,-0.7329,-1.16,0.67,1.34,1,0.0903,-0.1218,-1.1741,7.2,-6.65,11.1
1790657601.3361,19614,1703774,1,-0.0854,-0.6763,-0.7336,-1.04,0.67,1.4,1,0.095,-0.1252,-1.1699,9.33,-7.74,15.3
1790657601.3506,19615,1703794,1,-0.0867,-0.6729,-0.7346,-1.4,0.67,1.46,1,0.0923,-0.1262,-1.1711,7.26,-5.12,7.26
1790657601.3656,19616,1703814,1,-0.0872,-0.6724,-0.7307,-1.04,0.61,1.46,1,0.0911,-0.1267,-1.1731,5.37,-4.82,9.02
1790657601.3961,19617,1703834,1,-0.0886,-0.6736,-0.7314,-1.1,0.79,1.4,1,0.0952,-0.1255,-1.1675,6.28,-5.24,8.66
1790657601.4112,19618,1703854,1,-0.0884,-0.6729,-0.7314,-1.28,0.73,1.4,1,0.0918,-0.1321,-1.1736,6.1,-5.37,7.99
1790657601.4262,19619,1703874,1,-0.0852,-0.6724,-0.7334,-1.04,0.73,1.46,1,0.0876,-0.1304,-1.1687,5.61,-5.37,9.02
1790657601.4556,19620,1703894,1,-0.0859,-0.6741,-0.7329,-1.04,0.85,1.46,1,0.083,-0.1328,-1.1738,5.18,-4.94,7.74
1790657601.4705,19621,1703914,1,-0.0859,-0.6755,-0.7356,-1.1,0.73,1.46,1,0.0789,-0.1326,-1.1719,5.3,-5.18,7.44
1790657601.4855,19622,1703934,1,-0.0818,-0.6772,-0.7346,-1.16,0.79,1.52,1,0.0745,-0.1343,-1.1682,5.91,-5.12,7.8
1790657601.5157,19623,1703954,1,-0.0823,-0.6746,-0.7305,-1.1,0.85,1.59,1,0.0757,-0.1357,-1.1748,6.71,-5.79,9.02
1790657601.5307,19624,1703974,1,-0.084,-0.6729,-0.7351,-1.34,0.73,1.52,1,0.0715,-0.1399,-1.1677,6.1,-4.63,6.65
1790657601.5461,19625,1703994,1,-0.0823,-0.6765,-0.7314,-1.16,0.67,1.46,1,0.0742,-0.1409,-1.1709,4.82,-4.57,6.34
1790657601.5756,19626,1704014,1,-0.0847,-0.6729,-0.7327,-0.98,0.67,1.46,1,0.0723,-0.144,-1.1726,4.33,-4.02,5.91
1790657601.5905,19627,1704034,1,-0.0874,-0.6724,-0.7312,-0.98,0.67,1.46,1,0.0793,-0.1396,-1.1743,4.15,-4.76,5.37
